-- MySQL dump 10.13  Distrib 9.0.1, for macos14 (arm64)
--
-- Host: 127.0.0.1    Database: 420_05c_tp_evenements
-- ------------------------------------------------------
-- Server version	9.0.1

/*!40101 SET @OLD_CHARACTER_SET_CLIENT=@@CHARACTER_SET_CLIENT */;
/*!40101 SET @OLD_CHARACTER_SET_RESULTS=@@CHARACTER_SET_RESULTS */;
/*!40101 SET @OLD_COLLATION_CONNECTION=@@COLLATION_CONNECTION */;
/*!50503 SET NAMES utf8mb4 */;
/*!40103 SET @OLD_TIME_ZONE=@@TIME_ZONE */;
/*!40103 SET TIME_ZONE='+00:00' */;
/*!40014 SET @OLD_UNIQUE_CHECKS=@@UNIQUE_CHECKS, UNIQUE_CHECKS=0 */;
/*!40014 SET @OLD_FOREIGN_KEY_CHECKS=@@FOREIGN_KEY_CHECKS, FOREIGN_KEY_CHECKS=0 */;
/*!40101 SET @OLD_SQL_MODE=@@SQL_MODE, SQL_MODE='NO_AUTO_VALUE_ON_ZERO' */;
/*!40111 SET @OLD_SQL_NOTES=@@SQL_NOTES, SQL_NOTES=0 */;

--
-- Table structure for table `Commentaires`
--

DROP TABLE IF EXISTS `Commentaires`;
/*!40101 SET @saved_cs_client     = @@character_set_client */;
/*!50503 SET character_set_client = utf8mb4 */;
CREATE TABLE `Commentaires` (
  `id` int NOT NULL AUTO_INCREMENT,
  `id_evenement` int NOT NULL,
  `commentaire` text COLLATE utf8mb4_general_ci NOT NULL,
  `date_commentaire` timestamp NULL DEFAULT CURRENT_TIMESTAMP,
  `id_utilisateur` int NOT NULL,
  PRIMARY KEY (`id`),
  KEY `fk_evenement` (`id_evenement`),
  KEY `user_fk` (`id_utilisateur`),
  CONSTRAINT `fk_evenement` FOREIGN KEY (`id_evenement`) REFERENCES `Evenements` (`id`) ON DELETE CASCADE,
  CONSTRAINT `user_fk` FOREIGN KEY (`id_utilisateur`) REFERENCES `utilisateurs` (`id`) ON DELETE CASCADE
) ENGINE=InnoDB AUTO_INCREMENT=510 DEFAULT CHARSET=utf8mb4 COLLATE=utf8mb4_general_ci;
/*!40101 SET character_set_client = @saved_cs_client */;

--
-- Dumping data for table `Commentaires`
--

LOCK TABLES `Commentaires` WRITE;
/*!40000 ALTER TABLE `Commentaires` DISABLE KEYS */;
INSERT INTO `Commentaires` VALUES (4,2,'Un duel Ontario classique, beaucoup d’émotions.','2025-02-10 21:24:03',9),(5,2,'Les Leafs auraient dû mieux gérer leur défense en 3e période.','2025-02-10 21:24:03',10),(6,3,'McDavid encore une fois en feu, quel joueur incroyable.','2025-02-10 21:24:03',11),(7,3,'Les Flames ont manqué d’énergie en fin de match.','2025-02-10 21:24:03',12),(8,4,'Un match serré avec un suspense de folie.','2025-02-10 21:24:03',13),(9,4,'J’aurais aimé voir plus d’actions offensives.','2025-02-10 21:24:03',14),(10,5,'Les Panthers ont dominé ce match ! Belle performance.','2025-02-10 21:24:03',15),(11,5,'Le Lightning a trop pris de pénalités...','2025-02-10 21:24:03',16),(12,5,'Belle ambiance, dommage pour le résultat.','2025-02-10 21:24:03',17),(13,6,'Colorado a montré pourquoi ils sont une des meilleures équipes.','2025-02-10 21:24:03',18),(14,6,'Les Blues n’ont pas lâché, mais ce n’était pas suffisant.','2025-02-10 21:24:03',9),(15,7,'Rivalité intense comme toujours, un plaisir à regarder.','2025-02-10 21:24:03',10),(16,7,'Je m’attendais à plus de buts.','2025-02-10 21:24:03',11),(17,8,'Seattle commence à bien rivaliser avec Vegas.','2025-02-10 21:24:03',12),(18,8,'Match physique, ça manquait un peu de vitesse.','2025-02-10 21:24:03',13),(19,9,'Les Caps ont été solides défensivement.','2025-02-10 21:24:03',14),(20,9,'Carolina aurait mérité la victoire avec leur domination.','2025-02-10 21:24:03',15),(21,10,'Old school hockey ! Toujours agréable à voir.','2025-02-10 21:24:03',16),(22,10,'Les Red Wings ont joué un excellent match.','2025-02-10 21:24:03',17),(23,11,'Une belle performance collective des Jets.','2025-02-10 21:24:03',18),(24,11,'Le Wild n’a pas trouvé de solutions en attaque.','2025-02-10 21:24:03',9),(25,12,'Les Bruins ont bien défendu, match intense.','2025-02-10 21:24:03',10),(26,12,'Ambiance de playoff dans l’aréna !','2025-02-10 21:24:03',11),(27,13,'Dallas impressionnant, gros jeu d’équipe.','2025-02-10 21:24:03',12),(28,13,'Les Preds n’ont pas réussi à stopper l’attaque.','2025-02-10 21:24:03',13),(29,14,'Une rivalité californienne toujours intéressante.','2025-02-10 21:24:03',14),(30,14,'Match un peu trop défensif à mon goût.','2025-02-10 21:24:03',15),(31,15,'Les Coyotes se sont bien battus, respect !','2025-02-10 21:24:03',16),(32,15,'St. Louis a contrôlé la rencontre du début à la fin.','2025-02-10 21:24:03',17),(33,16,'Un duel canadien comme on les aime !','2025-02-10 21:24:03',18),(34,16,'Les Canucks ont raté trop d’occasions.','2025-02-10 21:24:03',9),(35,17,'Go Sens Go ! Superbe match de notre équipe.','2025-02-10 21:24:03',10),(36,17,'Les Canadiens méritaient mieux.','2025-02-10 21:24:03',11),(37,18,'Seattle continue de surprendre.','2025-02-10 21:24:03',12),(38,18,'Connor McDavid a encore été incroyable.','2025-02-10 21:24:03',13),(39,19,'Beaucoup de pénalités, mais bon match dans l’ensemble.','2025-02-10 21:24:03',14),(40,19,'Les Flyers ont bien géré leur avantage numérique.','2025-02-10 21:24:03',15),(41,20,'Grosse victoire des Blues, ils méritaient celle-là.','2025-02-10 21:24:03',1),(89,2,'Un match intense entre les Leafs et les Sens.','2025-02-21 00:45:00',1),(90,2,'Les Leafs ont bien joué, mais les Sens étaient meilleurs.','2025-02-21 00:50:00',9),(91,2,'Une belle performance des deux équipes.','2025-02-21 00:55:00',10),(92,3,'McDavid était incroyable ce soir.','2025-02-26 01:10:00',1),(93,3,'Les Flames ont manqué d’énergie en fin de match.','2025-02-26 01:15:00',11),(94,3,'Un duel albertain toujours aussi intense.','2025-02-26 01:20:00',12),(95,4,'Un duel new-yorkais toujours passionnant.','2025-03-02 00:05:00',1),(96,4,'Les Rangers ont été impressionnants ce soir.','2025-03-02 00:10:00',13),(97,4,'Les Devils ont bien défendu, mais ce n’était pas suffisant.','2025-03-02 00:15:00',14),(98,5,'Le derby de la Floride a tenu ses promesses.','2025-03-06 00:20:00',1),(99,5,'Les Panthers ont dominé ce match.','2025-03-06 00:25:00',15),(100,5,'Le Lightning a trop pris de pénalités.','2025-03-06 00:30:00',16),(101,6,'Un duel au sommet entre l’Avalanche et les Blues.','2025-03-11 00:05:00',1),(102,6,'Colorado a montré pourquoi ils sont favoris.','2025-03-11 00:10:00',17),(103,6,'Les Blues n’ont pas lâché, mais ce n’était pas suffisant.','2025-03-11 00:15:00',18),(104,7,'Une rivalité intense en Pennsylvanie.','2025-03-15 23:35:00',1),(105,7,'Les Penguins ont bien défendu ce soir.','2025-03-15 23:40:00',9),(106,7,'Les Flyers auraient pu mieux gérer leur attaque.','2025-03-15 23:45:00',10),(107,8,'Seattle veut dominer son rival récent.','2025-03-19 02:10:00',1),(108,8,'Les Golden Knights ont été impressionnants.','2025-03-19 02:15:00',11),(109,8,'Un match spectaculaire entre ces deux équipes.','2025-03-19 02:20:00',12),(110,9,'Un match crucial pour la division Métropolitaine.','2025-03-22 23:10:00',1),(111,9,'Les Capitals ont été solides défensivement.','2025-03-22 23:15:00',13),(112,9,'Carolina aurait mérité la victoire.','2025-03-22 23:20:00',14),(113,10,'Deux franchises historiques face à face.','2025-03-29 00:10:00',1),(114,10,'Les Red Wings ont dominé ce match.','2025-03-29 00:15:00',15),(115,10,'Les Blackhawks n’ont pas su répondre à l’intensité.','2025-03-29 00:20:00',16),(116,11,'Combat de titans dans la division Centrale.','2025-04-03 00:35:00',1),(117,11,'Les Jets ont montré leur supériorité.','2025-04-03 00:40:00',17),(118,11,'Le Wild n’a pas trouvé de solutions en attaque.','2025-04-03 00:45:00',18),(119,31,'rfeagesf','2025-05-05 19:29:07',1),(120,2,'Match intense avec beaucoup d’énergie sur la glace.','2025-05-05 20:39:16',1),(121,2,'Les deux équipes montrent un excellent niveau de jeu.','2025-05-05 20:39:16',9),(122,2,'La foule est en feu depuis le début du match.','2025-05-05 20:39:16',10),(123,2,'Un jeu rapide avec plusieurs belles occasions de marquer.','2025-05-05 20:39:16',11),(124,2,'Les gardiens font un travail remarquable ce soir encore.','2025-05-05 20:39:16',12),(125,2,'Les mises en échec sont solides et bien placées.','2025-05-05 20:39:16',13),(126,2,'Beaucoup de discipline sur la glace jusqu’à maintenant.','2025-05-05 20:39:16',14),(127,2,'Une rencontre serrée qui garde tout le monde attentif.','2025-05-05 20:39:16',15),(128,2,'Chaque équipe semble motivée pour remporter cette partie.','2025-05-05 20:39:16',16),(129,2,'Un bon équilibre entre l’attaque et la défense aujourd’hui.','2025-05-05 20:39:16',17),(130,3,'La glace est bien utilisée par les deux formations.','2025-05-05 20:41:56',18),(131,3,'Chaque équipe semble motivée pour remporter cette partie.','2025-05-05 20:41:56',20),(132,3,'Un jeu rapide avec plusieurs belles occasions de marquer.','2025-05-05 20:41:56',1),(133,3,'Le coach donne de bonnes consignes sur le banc.','2025-05-05 20:41:56',9),(134,3,'Les gardiens font un travail remarquable ce soir encore.','2025-05-05 20:41:56',10),(135,3,'Très peu de fautes jusqu’ici dans cette confrontation.','2025-05-05 20:41:56',11),(136,3,'Match intense avec beaucoup d’énergie sur la glace.','2025-05-05 20:41:56',12),(137,3,'Bonne stratégie défensive qui ralentit bien les adversaires.','2025-05-05 20:41:56',13),(138,3,'Une rencontre serrée qui garde tout le monde attentif.','2025-05-05 20:41:56',14),(139,3,'L’arbitrage semble juste et sans trop d’interruptions.','2025-05-05 20:41:56',15),(140,4,'Un bon équilibre entre l’attaque et la défense aujourd’hui.','2025-05-05 20:41:56',16),(141,4,'Le match pourrait basculer à tout moment maintenant.','2025-05-05 20:41:56',17),(142,4,'Très peu de fautes jusqu’ici dans cette confrontation.','2025-05-05 20:41:56',18),(143,4,'Une rencontre serrée qui garde tout le monde attentif.','2025-05-05 20:41:56',20),(144,4,'Un bon rythme est maintenu depuis le début.','2025-05-05 20:41:56',1),(145,4,'Les deux équipes montrent un excellent niveau de jeu.','2025-05-05 20:41:56',9),(146,4,'La foule est en feu depuis le début du match.','2025-05-05 20:41:56',10),(147,4,'Le coach donne de bonnes consignes sur le banc.','2025-05-05 20:41:56',11),(148,4,'Match intense avec beaucoup d’énergie sur la glace.','2025-05-05 20:41:56',12),(149,4,'Très peu de fautes jusqu’ici dans cette confrontation.','2025-05-05 20:41:56',13),(150,5,'La foule est en feu depuis le début du match.','2025-05-05 20:42:58',14),(151,5,'Bonne stratégie défensive qui ralentit bien les adversaires.','2025-05-05 20:42:58',15),(152,5,'Les mises en échec sont solides et bien placées.','2025-05-05 20:42:58',16),(153,5,'Les supporters sont très présents et motivants aujourd’hui.','2025-05-05 20:42:58',17),(154,5,'Match intense avec beaucoup d’énergie sur la glace.','2025-05-05 20:42:58',18),(155,5,'Les gardiens font un travail remarquable ce soir encore.','2025-05-05 20:42:58',20),(156,5,'Une rencontre serrée qui garde tout le monde attentif.','2025-05-05 20:42:58',1),(157,5,'Très peu de fautes jusqu’ici dans cette confrontation.','2025-05-05 20:42:58',9),(158,5,'Chaque équipe semble motivée pour remporter cette partie.','2025-05-05 20:42:58',10),(159,5,'Un bon équilibre entre l’attaque et la défense aujourd’hui.','2025-05-05 20:42:58',11),(160,6,'Un bon rythme est maintenu depuis le début.','2025-05-05 20:42:58',12),(161,6,'Les deux équipes montrent un excellent niveau de jeu.','2025-05-05 20:42:58',13),(162,6,'L’arbitrage semble juste et sans trop d’interruptions.','2025-05-05 20:42:58',14),(163,6,'Bonne stratégie défensive qui ralentit bien les adversaires.','2025-05-05 20:42:58',15),(164,6,'Les gardiens font un travail remarquable ce soir encore.','2025-05-05 20:42:58',16),(165,6,'Un jeu rapide avec plusieurs belles occasions de marquer.','2025-05-05 20:42:58',17),(166,6,'Très peu de fautes jusqu’ici dans cette confrontation.','2025-05-05 20:42:58',18),(167,6,'Beaucoup de discipline sur la glace jusqu’à maintenant.','2025-05-05 20:42:58',20),(168,6,'Chaque équipe semble motivée pour remporter cette partie.','2025-05-05 20:42:58',1),(169,6,'Le coach donne de bonnes consignes sur le banc.','2025-05-05 20:42:58',9),(170,7,'Match intense avec beaucoup d’énergie sur la glace.','2025-05-05 20:42:58',10),(171,7,'Un bon équilibre entre l’attaque et la défense aujourd’hui.','2025-05-05 20:42:58',11),(172,7,'La foule est en feu depuis le début du match.','2025-05-05 20:42:58',12),(173,7,'Très peu de fautes jusqu’ici dans cette confrontation.','2025-05-05 20:42:58',13),(174,7,'Une rencontre serrée qui garde tout le monde attentif.','2025-05-05 20:42:58',14),(175,7,'Le match pourrait basculer à tout moment maintenant.','2025-05-05 20:42:58',15),(176,7,'Un bon rythme est maintenu depuis le début.','2025-05-05 20:42:58',16),(177,7,'Les mises en échec sont solides et bien placées.','2025-05-05 20:42:58',17),(178,7,'Le coach donne de bonnes consignes sur le banc.','2025-05-05 20:42:58',18),(179,7,'Les supporters sont très présents et motivants aujourd’hui.','2025-05-05 20:42:58',20),(180,8,'Chaque équipe semble motivée pour remporter cette partie.','2025-05-05 20:43:45',1),(181,8,'Très peu de fautes jusqu’ici dans cette confrontation.','2025-05-05 20:43:45',9),(182,8,'Les deux équipes montrent un excellent niveau de jeu.','2025-05-05 20:43:45',10),(183,8,'Un bon rythme est maintenu depuis le début.','2025-05-05 20:43:45',11),(184,8,'Les gardiens font un travail remarquable ce soir encore.','2025-05-05 20:43:45',12),(185,8,'Bonne stratégie défensive qui ralentit bien les adversaires.','2025-05-05 20:43:45',13),(186,8,'Le coach donne de bonnes consignes sur le banc.','2025-05-05 20:43:45',14),(187,8,'Les supporters sont très présents et motivants aujourd’hui.','2025-05-05 20:43:45',15),(188,8,'Un jeu rapide avec plusieurs belles occasions de marquer.','2025-05-05 20:43:45',16),(189,8,'Beaucoup de discipline sur la glace jusqu’à maintenant.','2025-05-05 20:43:45',17),(190,9,'L’arbitrage semble juste et sans trop d’interruptions.','2025-05-05 20:43:45',18),(191,9,'Match intense avec beaucoup d’énergie sur la glace.','2025-05-05 20:43:45',20),(192,9,'Très peu de fautes jusqu’ici dans cette confrontation.','2025-05-05 20:43:45',1),(193,9,'Les mises en échec sont solides et bien placées.','2025-05-05 20:43:45',9),(194,9,'Un bon équilibre entre l’attaque et la défense aujourd’hui.','2025-05-05 20:43:45',10),(195,9,'Une rencontre serrée qui garde tout le monde attentif.','2025-05-05 20:43:45',11),(196,9,'Le match pourrait basculer à tout moment maintenant.','2025-05-05 20:43:45',12),(197,9,'La glace est bien utilisée par les deux formations.','2025-05-05 20:43:45',13),(198,9,'Chaque équipe semble motivée pour remporter cette partie.','2025-05-05 20:43:45',14),(199,9,'Bonne stratégie défensive qui ralentit bien les adversaires.','2025-05-05 20:43:45',15),(200,10,'Un jeu rapide avec plusieurs belles occasions de marquer.','2025-05-05 20:43:45',16),(201,10,'Les supporters sont très présents et motivants aujourd’hui.','2025-05-05 20:43:45',17),(202,10,'Très peu de fautes jusqu’ici dans cette confrontation.','2025-05-05 20:43:45',18),(203,10,'Match intense avec beaucoup d’énergie sur la glace.','2025-05-05 20:43:45',20),(204,10,'Les gardiens font un travail remarquable ce soir encore.','2025-05-05 20:43:45',1),(205,10,'Les deux équipes montrent un excellent niveau de jeu.','2025-05-05 20:43:45',9),(206,10,'Le coach donne de bonnes consignes sur le banc.','2025-05-05 20:43:45',10),(207,10,'Un bon équilibre entre l’attaque et la défense aujourd’hui.','2025-05-05 20:43:45',11),(208,10,'Beaucoup de discipline sur la glace jusqu’à maintenant.','2025-05-05 20:43:45',12),(209,10,'Une rencontre serrée qui garde tout le monde attentif.','2025-05-05 20:43:45',13),(210,11,'Le match pourrait basculer à tout moment maintenant.','2025-05-05 20:44:04',14),(211,11,'Les mises en échec sont solides et bien placées.','2025-05-05 20:44:04',15),(212,11,'La foule est en feu depuis le début du match.','2025-05-05 20:44:04',16),(213,11,'Un bon rythme est maintenu depuis le début.','2025-05-05 20:44:04',17),(214,11,'Très peu de fautes jusqu’ici dans cette confrontation.','2025-05-05 20:44:04',18),(215,11,'Bonne stratégie défensive qui ralentit bien les adversaires.','2025-05-05 20:44:04',20),(216,11,'Les deux équipes montrent un excellent niveau de jeu.','2025-05-05 20:44:04',1),(217,11,'L’arbitrage semble juste et sans trop d’interruptions.','2025-05-05 20:44:04',9),(218,11,'Le coach donne de bonnes consignes sur le banc.','2025-05-05 20:44:04',10),(219,11,'Chaque équipe semble motivée pour remporter cette partie.','2025-05-05 20:44:04',11),(220,12,'Les gardiens font un travail remarquable ce soir encore.','2025-05-05 20:44:04',12),(221,12,'Un jeu rapide avec plusieurs belles occasions de marquer.','2025-05-05 20:44:04',13),(222,12,'Match intense avec beaucoup d’énergie sur la glace.','2025-05-05 20:44:04',14),(223,12,'Beaucoup de discipline sur la glace jusqu’à maintenant.','2025-05-05 20:44:04',15),(224,12,'Les supporters sont très présents et motivants aujourd’hui.','2025-05-05 20:44:04',16),(225,12,'Une rencontre serrée qui garde tout le monde attentif.','2025-05-05 20:44:04',17),(226,12,'Un bon équilibre entre l’attaque et la défense aujourd’hui.','2025-05-05 20:44:04',18),(227,12,'Très peu de fautes jusqu’ici dans cette confrontation.','2025-05-05 20:44:04',20),(228,12,'Bonne stratégie défensive qui ralentit bien les adversaires.','2025-05-05 20:44:04',1),(229,12,'Les deux équipes montrent un excellent niveau de jeu.','2025-05-05 20:44:04',9),(230,13,'Le coach donne de bonnes consignes sur le banc.','2025-05-05 20:44:04',10),(231,13,'Le match pourrait basculer à tout moment maintenant.','2025-05-05 20:44:04',11),(232,13,'La foule est en feu depuis le début du match.','2025-05-05 20:44:04',12),(233,13,'Les mises en échec sont solides et bien placées.','2025-05-05 20:44:04',13),(234,13,'Un bon rythme est maintenu depuis le début.','2025-05-05 20:44:04',14),(235,13,'Très peu de fautes jusqu’ici dans cette confrontation.','2025-05-05 20:44:04',15),(236,13,'Les gardiens font un travail remarquable ce soir encore.','2025-05-05 20:44:04',16),(237,13,'Match intense avec beaucoup d’énergie sur la glace.','2025-05-05 20:44:04',17),(238,13,'Un jeu rapide avec plusieurs belles occasions de marquer.','2025-05-05 20:44:04',18),(239,13,'L’arbitrage semble juste et sans trop d’interruptions.','2025-05-05 20:44:04',20),(240,14,'Les supporters sont très présents et motivants aujourd’hui.','2025-05-05 20:44:36',1),(241,14,'Bonne stratégie défensive qui ralentit bien les adversaires.','2025-05-05 20:44:36',9),(242,14,'Un bon équilibre entre l’attaque et la défense aujourd’hui.','2025-05-05 20:44:36',10),(243,14,'Match intense avec beaucoup d’énergie sur la glace.','2025-05-05 20:44:36',11),(244,14,'Le coach donne de bonnes consignes sur le banc.','2025-05-05 20:44:36',12),(245,14,'Un bon rythme est maintenu depuis le début.','2025-05-05 20:44:36',13),(246,14,'Les gardiens font un travail remarquable ce soir encore.','2025-05-05 20:44:36',14),(247,14,'Très peu de fautes jusqu’ici dans cette confrontation.','2025-05-05 20:44:36',15),(248,14,'Le match pourrait basculer à tout moment maintenant.','2025-05-05 20:44:36',16),(249,14,'Chaque équipe semble motivée pour remporter cette partie.','2025-05-05 20:44:36',17),(250,15,'La foule est en feu depuis le début du match.','2025-05-05 20:44:36',18),(251,15,'Les mises en échec sont solides et bien placées.','2025-05-05 20:44:36',20),(252,15,'L’arbitrage semble juste et sans trop d’interruptions.','2025-05-05 20:44:36',1),(253,15,'Très peu de fautes jusqu’ici dans cette confrontation.','2025-05-05 20:44:36',9),(254,15,'Un jeu rapide avec plusieurs belles occasions de marquer.','2025-05-05 20:44:36',10),(255,15,'Les deux équipes montrent un excellent niveau de jeu.','2025-05-05 20:44:36',11),(256,15,'Beaucoup de discipline sur la glace jusqu’à maintenant.','2025-05-05 20:44:36',12),(257,15,'Le coach donne de bonnes consignes sur le banc.','2025-05-05 20:44:36',13),(258,15,'Une rencontre serrée qui garde tout le monde attentif.','2025-05-05 20:44:36',14),(259,15,'Bonne stratégie défensive qui ralentit bien les adversaires.','2025-05-05 20:44:36',15),(260,16,'Le match pourrait basculer à tout moment maintenant.','2025-05-05 20:44:36',16),(261,16,'Très peu de fautes jusqu’ici dans cette confrontation.','2025-05-05 20:44:36',17),(262,16,'Match intense avec beaucoup d’énergie sur la glace.','2025-05-05 20:44:36',18),(263,16,'La glace est bien utilisée par les deux formations.','2025-05-05 20:44:36',20),(264,16,'Un bon équilibre entre l’attaque et la défense aujourd’hui.','2025-05-05 20:44:36',1),(265,16,'Les gardiens font un travail remarquable ce soir encore.','2025-05-05 20:44:36',9),(266,16,'La foule est en feu depuis le début du match.','2025-05-05 20:44:36',10),(267,16,'Les deux équipes montrent un excellent niveau de jeu.','2025-05-05 20:44:36',11),(268,16,'Un jeu rapide avec plusieurs belles occasions de marquer.','2025-05-05 20:44:36',12),(269,16,'Les mises en échec sont solides et bien placées.','2025-05-05 20:44:36',13),(270,17,'Un bon rythme est maintenu depuis le début.','2025-05-05 20:45:04',14),(271,17,'Très peu de fautes jusqu’ici dans cette confrontation.','2025-05-05 20:45:04',15),(272,17,'Le coach donne de bonnes consignes sur le banc.','2025-05-05 20:45:04',16),(273,17,'Les supporters sont très présents et motivants aujourd’hui.','2025-05-05 20:45:04',17),(274,17,'Une rencontre serrée qui garde tout le monde attentif.','2025-05-05 20:45:04',18),(275,17,'Bonne stratégie défensive qui ralentit bien les adversaires.','2025-05-05 20:45:04',20),(276,17,'Les gardiens font un travail remarquable ce soir encore.','2025-05-05 20:45:04',1),(277,17,'Le match pourrait basculer à tout moment maintenant.','2025-05-05 20:45:04',9),(278,17,'Match intense avec beaucoup d’énergie sur la glace.','2025-05-05 20:45:04',10),(279,17,'Les deux équipes montrent un excellent niveau de jeu.','2025-05-05 20:45:04',11),(280,18,'Les mises en échec sont solides et bien placées.','2025-05-05 20:45:04',12),(281,18,'Un jeu rapide avec plusieurs belles occasions de marquer.','2025-05-05 20:45:04',13),(282,18,'L’arbitrage semble juste et sans trop d’interruptions.','2025-05-05 20:45:04',14),(283,18,'Chaque équipe semble motivée pour remporter cette partie.','2025-05-05 20:45:04',15),(284,18,'Beaucoup de discipline sur la glace jusqu’à maintenant.','2025-05-05 20:45:04',16),(285,18,'La foule est en feu depuis le début du match.','2025-05-05 20:45:04',17),(286,18,'Un bon équilibre entre l’attaque et la défense aujourd’hui.','2025-05-05 20:45:04',18),(287,18,'Les deux équipes montrent un excellent niveau de jeu.','2025-05-05 20:45:04',20),(288,18,'Très peu de fautes jusqu’ici dans cette confrontation.','2025-05-05 20:45:04',1),(289,18,'Bonne stratégie défensive qui ralentit bien les adversaires.','2025-05-05 20:45:04',9),(290,19,'Les supporters sont très présents et motivants aujourd’hui.','2025-05-05 20:45:04',10),(291,19,'Le coach donne de bonnes consignes sur le banc.','2025-05-05 20:45:04',11),(292,19,'Match intense avec beaucoup d’énergie sur la glace.','2025-05-05 20:45:04',12),(293,19,'La glace est bien utilisée par les deux formations.','2025-05-05 20:45:04',13),(294,19,'Les gardiens font un travail remarquable ce soir encore.','2025-05-05 20:45:04',14),(295,19,'Un jeu rapide avec plusieurs belles occasions de marquer.','2025-05-05 20:45:04',15),(296,19,'Très peu de fautes jusqu’ici dans cette confrontation.','2025-05-05 20:45:04',16),(297,19,'Le match pourrait basculer à tout moment maintenant.','2025-05-05 20:45:04',17),(298,19,'Un bon rythme est maintenu depuis le début.','2025-05-05 20:45:04',18),(299,19,'Chaque équipe semble motivée pour remporter cette partie.','2025-05-05 20:45:04',20),(300,20,'Le coach donne de bonnes consignes sur le banc.','2025-05-05 20:46:03',1),(301,20,'Match intense avec beaucoup d’énergie sur la glace.','2025-05-05 20:46:03',9),(302,20,'Les deux équipes montrent un excellent niveau de jeu.','2025-05-05 20:46:03',10),(303,20,'Les mises en échec sont solides et bien placées.','2025-05-05 20:46:03',11),(304,20,'Les gardiens font un travail remarquable ce soir encore.','2025-05-05 20:46:03',12),(305,20,'Un jeu rapide avec plusieurs belles occasions de marquer.','2025-05-05 20:46:03',13),(306,20,'Une rencontre serrée qui garde tout le monde attentif.','2025-05-05 20:46:03',14),(307,20,'Très peu de fautes jusqu’ici dans cette confrontation.','2025-05-05 20:46:03',15),(308,20,'Les supporters sont très présents et motivants aujourd’hui.','2025-05-05 20:46:03',16),(309,20,'Un bon équilibre entre l’attaque et la défense aujourd’hui.','2025-05-05 20:46:03',17),(310,21,'Un bon rythme est maintenu depuis le début.','2025-05-05 20:46:03',18),(311,21,'Les mises en échec sont solides et bien placées.','2025-05-05 20:46:03',20),(312,21,'La foule est en feu depuis le début du match.','2025-05-05 20:46:03',1),(313,21,'Le match pourrait basculer à tout moment maintenant.','2025-05-05 20:46:03',9),(314,21,'Les deux équipes montrent un excellent niveau de jeu.','2025-05-05 20:46:03',10),(315,21,'Le coach donne de bonnes consignes sur le banc.','2025-05-05 20:46:03',11),(316,21,'Très peu de fautes jusqu’ici dans cette confrontation.','2025-05-05 20:46:03',12),(317,21,'Les gardiens font un travail remarquable ce soir encore.','2025-05-05 20:46:03',13),(318,21,'Une rencontre serrée qui garde tout le monde attentif.','2025-05-05 20:46:03',14),(319,21,'Un jeu rapide avec plusieurs belles occasions de marquer.','2025-05-05 20:46:03',15),(320,22,'La glace est bien utilisée par les deux formations.','2025-05-05 20:46:03',16),(321,22,'Bonne stratégie défensive qui ralentit bien les adversaires.','2025-05-05 20:46:03',17),(322,22,'Les mises en échec sont solides et bien placées.','2025-05-05 20:46:03',18),(323,22,'Chaque équipe semble motivée pour remporter cette partie.','2025-05-05 20:46:03',20),(324,22,'Le coach donne de bonnes consignes sur le banc.','2025-05-05 20:46:03',1),(325,22,'Les gardiens font un travail remarquable ce soir encore.','2025-05-05 20:46:03',9),(326,22,'Un bon rythme est maintenu depuis le début.','2025-05-05 20:46:03',10),(327,22,'Le match pourrait basculer à tout moment maintenant.','2025-05-05 20:46:03',11),(328,22,'Les supporters sont très présents et motivants aujourd’hui.','2025-05-05 20:46:03',12),(329,22,'Une rencontre serrée qui garde tout le monde attentif.','2025-05-05 20:46:03',13),(330,23,'Les mises en échec sont solides et bien placées.','2025-05-05 20:46:37',14),(331,23,'Un jeu rapide avec plusieurs belles occasions de marquer.','2025-05-05 20:46:37',15),(332,23,'La foule est en feu depuis le début du match.','2025-05-05 20:46:37',16),(333,23,'Très peu de fautes jusqu’ici dans cette confrontation.','2025-05-05 20:46:37',17),(334,23,'Match intense avec beaucoup d’énergie sur la glace.','2025-05-05 20:46:37',18),(335,23,'Les deux équipes montrent un excellent niveau de jeu.','2025-05-05 20:46:37',20),(336,23,'Le coach donne de bonnes consignes sur le banc.','2025-05-05 20:46:37',1),(337,23,'Les supporters sont très présents et motivants aujourd’hui.','2025-05-05 20:46:37',9),(338,23,'Bonne stratégie défensive qui ralentit bien les adversaires.','2025-05-05 20:46:37',10),(339,23,'Un bon équilibre entre l’attaque et la défense aujourd’hui.','2025-05-05 20:46:37',11),(340,24,'Les gardiens font un travail remarquable ce soir encore.','2025-05-05 20:46:37',12),(341,24,'Un bon rythme est maintenu depuis le début.','2025-05-05 20:46:37',13),(342,24,'La glace est bien utilisée par les deux formations.','2025-05-05 20:46:37',14),(343,24,'Le match pourrait basculer à tout moment maintenant.','2025-05-05 20:46:37',15),(344,24,'Une rencontre serrée qui garde tout le monde attentif.','2025-05-05 20:46:37',16),(345,24,'Les mises en échec sont solides et bien placées.','2025-05-05 20:46:37',17),(346,24,'Un jeu rapide avec plusieurs belles occasions de marquer.','2025-05-05 20:46:37',18),(347,24,'Très peu de fautes jusqu’ici dans cette confrontation.','2025-05-05 20:46:37',20),(348,24,'Le coach donne de bonnes consignes sur le banc.','2025-05-05 20:46:37',1),(349,24,'Les deux équipes montrent un excellent niveau de jeu.','2025-05-05 20:46:37',9),(350,25,'Les supporters sont très présents et motivants aujourd’hui.','2025-05-05 20:46:37',10),(351,25,'Les gardiens font un travail remarquable ce soir encore.','2025-05-05 20:46:37',11),(352,25,'Le match pourrait basculer à tout moment maintenant.','2025-05-05 20:46:37',12),(353,25,'Chaque équipe semble motivée pour remporter cette partie.','2025-05-05 20:46:37',13),(354,25,'Le coach donne de bonnes consignes sur le banc.','2025-05-05 20:46:37',14),(355,25,'Une rencontre serrée qui garde tout le monde attentif.','2025-05-05 20:46:37',15),(356,25,'Un bon équilibre entre l’attaque et la défense aujourd’hui.','2025-05-05 20:46:37',16),(357,25,'Un jeu rapide avec plusieurs belles occasions de marquer.','2025-05-05 20:46:37',17),(358,25,'Les mises en échec sont solides et bien placées.','2025-05-05 20:46:37',18),(359,25,'Les deux équipes montrent un excellent niveau de jeu.','2025-05-05 20:46:37',20),(360,26,'Les gardiens font un travail remarquable ce soir encore.','2025-05-05 20:48:22',1),(361,26,'Un bon rythme est maintenu depuis le début.','2025-05-05 20:48:22',9),(362,26,'Les mises en échec sont solides et bien placées.','2025-05-05 20:48:22',10),(363,26,'Un jeu rapide avec plusieurs belles occasions de marquer.','2025-05-05 20:48:22',11),(364,26,'Les deux équipes montrent un excellent niveau de jeu.','2025-05-05 20:48:22',12),(365,26,'Les supporters sont très présents et motivants aujourd’hui.','2025-05-05 20:48:22',13),(366,26,'Très peu de fautes jusqu’ici dans cette confrontation.','2025-05-05 20:48:22',14),(367,26,'Le match pourrait basculer à tout moment maintenant.','2025-05-05 20:48:22',15),(368,26,'Le coach donne de bonnes consignes sur le banc.','2025-05-05 20:48:22',16),(369,26,'Une rencontre serrée qui garde tout le monde attentif.','2025-05-05 20:48:22',17),(370,27,'Les mises en échec sont solides et bien placées.','2025-05-05 20:48:22',18),(371,27,'Une rencontre serrée qui garde tout le monde attentif.','2025-05-05 20:48:22',20),(372,27,'Match intense avec beaucoup d’énergie sur la glace.','2025-05-05 20:48:22',1),(373,27,'Les gardiens font un travail remarquable ce soir encore.','2025-05-05 20:48:22',9),(374,27,'Le coach donne de bonnes consignes sur le banc.','2025-05-05 20:48:22',10),(375,27,'Les deux équipes montrent un excellent niveau de jeu.','2025-05-05 20:48:22',11),(376,27,'Très peu de fautes jusqu’ici dans cette confrontation.','2025-05-05 20:48:22',12),(377,27,'Le match pourrait basculer à tout moment maintenant.','2025-05-05 20:48:22',13),(378,27,'Un jeu rapide avec plusieurs belles occasions de marquer.','2025-05-05 20:48:22',14),(379,27,'Les supporters sont très présents et motivants aujourd’hui.','2025-05-05 20:48:22',15),(380,28,'Un bon équilibre entre l’attaque et la défense aujourd’hui.','2025-05-05 20:48:22',16),(381,28,'Le coach donne de bonnes consignes sur le banc.','2025-05-05 20:48:22',17),(382,28,'Les mises en échec sont solides et bien placées.','2025-05-05 20:48:22',18),(383,28,'Les deux équipes montrent un excellent niveau de jeu.','2025-05-05 20:48:22',20),(384,28,'Une rencontre serrée qui garde tout le monde attentif.','2025-05-05 20:48:22',1),(385,28,'Très peu de fautes jusqu’ici dans cette confrontation.','2025-05-05 20:48:22',9),(386,28,'Les supporters sont très présents et motivants aujourd’hui.','2025-05-05 20:48:22',10),(387,28,'Les gardiens font un travail remarquable ce soir encore.','2025-05-05 20:48:22',11),(388,28,'Un jeu rapide avec plusieurs belles occasions de marquer.','2025-05-05 20:48:22',12),(389,28,'Le match pourrait basculer à tout moment maintenant.','2025-05-05 20:48:22',13),(390,29,'Un jeu rapide avec plusieurs belles occasions de marquer.','2025-05-05 20:48:22',14),(391,29,'Les mises en échec sont solides et bien placées.','2025-05-05 20:48:22',15),(392,29,'Les supporters sont très présents et motivants aujourd’hui.','2025-05-05 20:48:22',16),(393,29,'Une rencontre serrée qui garde tout le monde attentif.','2025-05-05 20:48:22',17),(394,29,'Les gardiens font un travail remarquable ce soir encore.','2025-05-05 20:48:22',18),(395,29,'Le match pourrait basculer à tout moment maintenant.','2025-05-05 20:48:22',20),(396,29,'Le coach donne de bonnes consignes sur le banc.','2025-05-05 20:48:22',1),(397,29,'Très peu de fautes jusqu’ici dans cette confrontation.','2025-05-05 20:48:22',9),(398,29,'Les deux équipes montrent un excellent niveau de jeu.','2025-05-05 20:48:22',10),(399,29,'Un bon équilibre entre l’attaque et la défense aujourd’hui.','2025-05-05 20:48:22',11),(400,30,'Les deux équipes montrent un excellent niveau de jeu.','2025-05-05 20:48:22',12),(401,30,'Les mises en échec sont solides et bien placées.','2025-05-05 20:48:22',13),(402,30,'Les supporters sont très présents et motivants aujourd’hui.','2025-05-05 20:48:22',14),(403,30,'Le match pourrait basculer à tout moment maintenant.','2025-05-05 20:48:22',15),(404,30,'Une rencontre serrée qui garde tout le monde attentif.','2025-05-05 20:48:22',16),(405,30,'Un bon rythme est maintenu depuis le début.','2025-05-05 20:48:22',17),(406,30,'Les gardiens font un travail remarquable ce soir encore.','2025-05-05 20:48:22',18),(407,30,'Très peu de fautes jusqu’ici dans cette confrontation.','2025-05-05 20:48:22',20),(408,30,'Un jeu rapide avec plusieurs belles occasions de marquer.','2025-05-05 20:48:22',1),(409,30,'Le coach donne de bonnes consignes sur le banc.','2025-05-05 20:48:22',9),(410,31,'Les deux équipes montrent un excellent niveau de jeu.','2025-05-05 20:48:22',10),(411,31,'Les mises en échec sont solides et bien placées.','2025-05-05 20:48:22',11),(412,31,'Un jeu rapide avec plusieurs belles occasions de marquer.','2025-05-05 20:48:22',12),(413,31,'Les supporters sont très présents et motivants aujourd’hui.','2025-05-05 20:48:22',13),(414,31,'Le match pourrait basculer à tout moment maintenant.','2025-05-05 20:48:22',14),(415,31,'Les gardiens font un travail remarquable ce soir encore.','2025-05-05 20:48:22',15),(416,31,'Un bon équilibre entre l’attaque et la défense aujourd’hui.','2025-05-05 20:48:22',16),(417,31,'Le coach donne de bonnes consignes sur le banc.','2025-05-05 20:48:22',17),(418,31,'Très peu de fautes jusqu’ici dans cette confrontation.','2025-05-05 20:48:22',18),(419,31,'Une rencontre serrée qui garde tout le monde attentif.','2025-05-05 20:48:22',20),(420,32,'Les mises en échec sont solides et bien placées.','2025-05-05 20:48:23',1),(421,32,'Un bon rythme est maintenu depuis le début.','2025-05-05 20:48:23',9),(422,32,'Les supporters sont très présents et motivants aujourd’hui.','2025-05-05 20:48:23',10),(423,32,'Très peu de fautes jusqu’ici dans cette confrontation.','2025-05-05 20:48:23',11),(424,32,'Les gardiens font un travail remarquable ce soir encore.','2025-05-05 20:48:23',12),(425,32,'Le match pourrait basculer à tout moment maintenant.','2025-05-05 20:48:23',13),(426,32,'Les deux équipes montrent un excellent niveau de jeu.','2025-05-05 20:48:23',14),(427,32,'Une rencontre serrée qui garde tout le monde attentif.','2025-05-05 20:48:23',15),(428,32,'Un jeu rapide avec plusieurs belles occasions de marquer.','2025-05-05 20:48:23',16),(429,32,'Le coach donne de bonnes consignes sur le banc.','2025-05-05 20:48:23',17),(430,33,'Une rencontre serrée qui garde tout le monde attentif.','2025-05-05 20:48:23',18),(431,33,'Le coach donne de bonnes consignes sur le banc.','2025-05-05 20:48:23',20),(432,33,'Un jeu rapide avec plusieurs belles occasions de marquer.','2025-05-05 20:48:23',1),(433,33,'Les mises en échec sont solides et bien placées.','2025-05-05 20:48:23',9),(434,33,'Les gardiens font un travail remarquable ce soir encore.','2025-05-05 20:48:23',10),(435,33,'Très peu de fautes jusqu’ici dans cette confrontation.','2025-05-05 20:48:23',11),(436,33,'Les deux équipes montrent un excellent niveau de jeu.','2025-05-05 20:48:23',12),(437,33,'Les supporters sont très présents et motivants aujourd’hui.','2025-05-05 20:48:23',13),(438,33,'Le match pourrait basculer à tout moment maintenant.','2025-05-05 20:48:23',14),(439,33,'Un bon équilibre entre l’attaque et la défense aujourd’hui.','2025-05-05 20:48:23',15),(440,34,'Les mises en échec sont solides et bien placées.','2025-05-05 20:48:23',16),(441,34,'Un bon rythme est maintenu depuis le début.','2025-05-05 20:48:23',17),(442,34,'Les deux équipes montrent un excellent niveau de jeu.','2025-05-05 20:48:23',18),(443,34,'Le coach donne de bonnes consignes sur le banc.','2025-05-05 20:48:23',20),(444,34,'Très peu de fautes jusqu’ici dans cette confrontation.','2025-05-05 20:48:23',1),(445,34,'Les supporters sont très présents et motivants aujourd’hui.','2025-05-05 20:48:23',9),(446,34,'Les gardiens font un travail remarquable ce soir encore.','2025-05-05 20:48:23',10),(447,34,'Une rencontre serrée qui garde tout le monde attentif.','2025-05-05 20:48:23',11),(448,34,'Un jeu rapide avec plusieurs belles occasions de marquer.','2025-05-05 20:48:23',12),(449,34,'Le match pourrait basculer à tout moment maintenant.','2025-05-05 20:48:23',13),(450,35,'Très peu de fautes jusqu’ici dans cette confrontation.','2025-05-05 20:48:23',14),(451,35,'Les gardiens font un travail remarquable ce soir encore.','2025-05-05 20:48:23',15),(452,35,'Les mises en échec sont solides et bien placées.','2025-05-05 20:48:23',16),(453,35,'Les deux équipes montrent un excellent niveau de jeu.','2025-05-05 20:48:23',17),(454,35,'Les supporters sont très présents et motivants aujourd’hui.','2025-05-05 20:48:23',18),(455,35,'Un bon équilibre entre l’attaque et la défense aujourd’hui.','2025-05-05 20:48:23',20),(456,35,'Le match pourrait basculer à tout moment maintenant.','2025-05-05 20:48:23',1),(457,35,'Une rencontre serrée qui garde tout le monde attentif.','2025-05-05 20:48:23',9),(458,35,'Un jeu rapide avec plusieurs belles occasions de marquer.','2025-05-05 20:48:23',10),(459,35,'Le coach donne de bonnes consignes sur le banc.','2025-05-05 20:48:23',11),(460,36,'Un bon rythme est maintenu depuis le début.','2025-05-05 20:48:23',12),(461,36,'Les mises en échec sont solides et bien placées.','2025-05-05 20:48:23',13),(462,36,'Les deux équipes montrent un excellent niveau de jeu.','2025-05-05 20:48:23',14),(463,36,'Un jeu rapide avec plusieurs belles occasions de marquer.','2025-05-05 20:48:23',15),(464,36,'Les supporters sont très présents et motivants aujourd’hui.','2025-05-05 20:48:23',16),(465,36,'Le match pourrait basculer à tout moment maintenant.','2025-05-05 20:48:23',17),(466,36,'Les gardiens font un travail remarquable ce soir encore.','2025-05-05 20:48:23',18),(467,36,'Très peu de fautes jusqu’ici dans cette confrontation.','2025-05-05 20:48:23',20),(468,36,'Une rencontre serrée qui garde tout le monde attentif.','2025-05-05 20:48:23',1),(469,36,'Le coach donne de bonnes consignes sur le banc.','2025-05-05 20:48:23',9),(470,37,'Les mises en échec sont solides et bien placées.','2025-05-05 20:48:47',10),(471,37,'Le coach donne de bonnes consignes sur le banc.','2025-05-05 20:48:47',11),(472,37,'Les gardiens font un travail remarquable ce soir encore.','2025-05-05 20:48:47',12),(473,37,'Un jeu rapide avec plusieurs belles occasions de marquer.','2025-05-05 20:48:47',13),(474,37,'Les deux équipes montrent un excellent niveau de jeu.','2025-05-05 20:48:47',14),(475,37,'Les supporters sont très présents et motivants aujourd’hui.','2025-05-05 20:48:47',15),(476,37,'Le match pourrait basculer à tout moment maintenant.','2025-05-05 20:48:47',16),(477,37,'Une rencontre serrée qui garde tout le monde attentif.','2025-05-05 20:48:47',17),(478,37,'Très peu de fautes jusqu’ici dans cette confrontation.','2025-05-05 20:48:47',18),(479,37,'Un bon équilibre entre l’attaque et la défense aujourd’hui.','2025-05-05 20:48:47',20),(480,38,'Les mises en échec sont solides et bien placées.','2025-05-05 20:48:47',1),(481,38,'Un bon rythme est maintenu depuis le début.','2025-05-05 20:48:47',9),(482,38,'Les deux équipes montrent un excellent niveau de jeu.','2025-05-05 20:48:47',10),(483,38,'Les gardiens font un travail remarquable ce soir encore.','2025-05-05 20:48:47',11),(484,38,'Une rencontre serrée qui garde tout le monde attentif.','2025-05-05 20:48:47',12),(485,38,'Le match pourrait basculer à tout moment maintenant.','2025-05-05 20:48:47',13),(486,38,'Très peu de fautes jusqu’ici dans cette confrontation.','2025-05-05 20:48:47',14),(487,38,'Les supporters sont très présents et motivants aujourd’hui.','2025-05-05 20:48:47',15),(488,38,'Un jeu rapide avec plusieurs belles occasions de marquer.','2025-05-05 20:48:47',16),(489,38,'Le coach donne de bonnes consignes sur le banc.','2025-05-05 20:48:47',17),(490,39,'Les deux équipes montrent un excellent niveau de jeu.','2025-05-05 20:48:47',18),(491,39,'Les mises en échec sont solides et bien placées.','2025-05-05 20:48:47',20),(492,39,'Les supporters sont très présents et motivants aujourd’hui.','2025-05-05 20:48:47',1),(493,39,'Un jeu rapide avec plusieurs belles occasions de marquer.','2025-05-05 20:48:47',9),(494,39,'Les gardiens font un travail remarquable ce soir encore.','2025-05-05 20:48:47',10),(495,39,'Le match pourrait basculer à tout moment maintenant.','2025-05-05 20:48:47',11),(496,39,'Les deux équipes montrent un excellent niveau de jeu.','2025-05-05 20:48:47',12),(497,39,'Le coach donne de bonnes consignes sur le banc.','2025-05-05 20:48:47',13),(498,39,'Très peu de fautes jusqu’ici dans cette confrontation.','2025-05-05 20:48:47',14),(499,39,'Une rencontre serrée qui garde tout le monde attentif.','2025-05-05 20:48:47',15),(500,40,'Un bon équilibre entre l’attaque et la défense aujourd’hui.','2025-05-05 20:48:47',16),(501,40,'Le coach donne de bonnes consignes sur le banc.','2025-05-05 20:48:47',17),(502,40,'Les mises en échec sont solides et bien placées.','2025-05-05 20:48:47',18),(503,40,'Les deux équipes montrent un excellent niveau de jeu.','2025-05-05 20:48:47',20),(504,40,'Les gardiens font un travail remarquable ce soir encore.','2025-05-05 20:48:47',1),(505,40,'Un jeu rapide avec plusieurs belles occasions de marquer.','2025-05-05 20:48:47',9),(506,40,'Très peu de fautes jusqu’ici dans cette confrontation.','2025-05-05 20:48:47',10),(507,40,'Une rencontre serrée qui garde tout le monde attentif.','2025-05-05 20:48:47',11),(508,40,'Les supporters sont très présents et motivants aujourd’hui.','2025-05-05 20:48:47',12),(509,40,'Le match pourrait basculer à tout moment maintenant.','2025-05-05 20:48:47',13);
/*!40000 ALTER TABLE `Commentaires` ENABLE KEYS */;
UNLOCK TABLES;

--
-- Table structure for table `evenements`
--

DROP TABLE IF EXISTS `evenements`;
/*!40101 SET @saved_cs_client     = @@character_set_client */;
/*!50503 SET character_set_client = utf8mb4 */;
CREATE TABLE `evenements` (
  `id` int NOT NULL AUTO_INCREMENT,
  `titre` varchar(255) COLLATE utf8mb4_general_ci NOT NULL,
  `description` text COLLATE utf8mb4_general_ci NOT NULL,
  `type_evenement` varchar(100) COLLATE utf8mb4_general_ci NOT NULL,
  `date_event` date NOT NULL,
  `heure_event` time NOT NULL,
  `lieu` varchar(255) COLLATE utf8mb4_general_ci NOT NULL,
  `artiste_presentateur_id` int NOT NULL,
  `duree` int NOT NULL,
  `image` varchar(255) COLLATE utf8mb4_general_ci DEFAULT 'image_defaut.png',
  `utilisateur_id` int DEFAULT '1',
  PRIMARY KEY (`id`),
  KEY `fk_artiste_presentateur` (`artiste_presentateur_id`),
  KEY `fk_utilisateur` (`utilisateur_id`),
  CONSTRAINT `fk_artiste_presentateur` FOREIGN KEY (`artiste_presentateur_id`) REFERENCES `Groupes` (`groupe_id`) ON DELETE CASCADE,
  CONSTRAINT `fk_utilisateur` FOREIGN KEY (`utilisateur_id`) REFERENCES `utilisateurs` (`id`)
) ENGINE=InnoDB AUTO_INCREMENT=41 DEFAULT CHARSET=utf8mb4 COLLATE=utf8mb4_general_ci;
/*!40101 SET character_set_client = @saved_cs_client */;

--
-- Dumping data for table `evenements`
--

LOCK TABLES `evenements` WRITE;
/*!40000 ALTER TABLE `evenements` DISABLE KEYS */;
INSERT INTO `evenements` VALUES (2,'Match Maple Leafs vs Senators','La bataille de l’Ontario !','Match de saison régulière','2025-02-20','19:30:00','Scotiabank Arena, Toronto',8,120,'image_defaut.png',1),(3,'Match Oilers vs Flames','Le feu et la glace dans un duel albertain !','Match de saison régulière','2025-02-25','20:00:00','Rogers Place, Edmonton',27,120,'image_defaut.png',1),(4,'Match Rangers vs Devils','Duel new-yorkais avec un enjeu de taille.','Match de saison régulière','2025-03-01','19:00:00','Madison Square Garden, New York',13,120,'image_defaut.png',1),(5,'Match Lightning vs Panthers','Le derby de la Floride promet du spectacle.','Match de saison régulière','2025-03-05','19:00:00','Amalie Arena, Tampa',7,120,'image_defaut.png',1),(6,'Match Avalanche vs Blues','Duel au sommet entre deux équipes puissantes.','Match de saison régulière','2025-03-10','20:00:00','Ball Arena, Denver',19,120,'image_defaut.png',1),(7,'Match Penguins vs Flyers','Une rivalité intense en Pennsylvanie.','Match de saison régulière','2025-03-15','19:30:00','PPG Paints Arena, Pittsburgh',15,120,'image_defaut.png',1),(8,'Match Golden Knights vs Kraken','Seattle veut dominer son rival récent.','Match de saison régulière','2025-03-18','22:00:00','T-Mobile Arena, Las Vegas',32,120,'image_defaut.png',1),(9,'Match Capitals vs Hurricanes','Un match crucial pour la division Métropolitaine.','Match de saison régulière','2025-03-22','19:00:00','Capital One Arena, Washington',16,120,'image_defaut.png',1),(10,'Match Red Wings vs Blackhawks','Deux franchises historiques face à face.','Match de saison régulière','2025-03-28','20:00:00','Little Caesars Arena, Detroit',3,120,'image_defaut.png',1),(11,'Match Jets vs Wild','Combat de titans dans la division Centrale.','Match de saison régulière','2025-04-02','20:30:00','Canada Life Centre, Winnipeg',24,120,'image_defaut.png',1),(12,'Match Islanders vs Bruins','Match clé pour la qualification en séries.','Match de saison régulière','2025-04-07','19:00:00','UBS Arena, New York',12,120,'image_defaut.png',1),(13,'Match Stars vs Predators','Dallas veut confirmer son statut de favori.','Match de saison régulière','2025-04-12','20:00:00','American Airlines Center, Dallas',20,120,'image_defaut.png',1),(14,'Match Sharks vs Kings','Duel californien avec des points en jeu.','Match de saison régulière','2025-04-15','22:30:00','SAP Center, San Jose',29,120,'image_defaut.png',1),(15,'Match Coyotes vs Blues','Match serré dans la division Centrale.','Match de saison régulière','2025-04-22','21:00:00','Mullett Arena, Arizona',17,120,'image_defaut.png',1),(16,'Match Flames vs Canucks','Duel canadien pour la suprématie de l’Ouest.','Match de saison régulière','2025-04-25','21:30:00','Scotiabank Saddledome, Calgary',26,120,'image_defaut.png',1),(17,'Match Senators vs Canadiens','Un match chargé d’histoire.','Match de saison régulière','2025-04-30','19:30:00','Canadian Tire Centre, Ottawa',6,120,'image_defaut.png',1),(18,'Match Kraken vs Oilers','Seattle veut rivaliser avec Edmonton.','Match de saison régulière','2025-05-05','22:00:00','Climate Pledge Arena, Seattle',30,120,'image_defaut.png',1),(19,'Match Flyers vs Devils','Rivalité intense de la côte Est.','Match de saison régulière','2025-05-10','19:00:00','Wells Fargo Center, Philadelphie',14,120,'image_defaut.png',1),(20,'Match Blues vs Blackhawks','Un classique de la division Centrale.','Match de saison régulière','2025-05-15','20:00:00','Enterprise Center, St. Louis',23,120,'image_defaut.png',1),(21,'Match Bruins vs Sabres','Un duel classique de la division Atlantique.','Match de saison régulière','2025-05-20','19:00:00','TD Garden, Boston',1,120,'image_defaut.png',1),(22,'Match Canadiens vs Maple Leafs','Un classique canadien à ne pas manquer.','Match de saison régulière','2025-05-25','19:30:00','Bell Centre, Montreal',5,120,'image_defaut.png',1),(23,'Match Oilers vs Kings','Un duel crucial pour les séries.','Match de saison régulière','2025-05-30','20:00:00','Rogers Place, Edmonton',27,120,'image_defaut.png',1),(24,'Match Flames vs Sharks','Un affrontement intense dans la division Pacifique.','Match de saison régulière','2025-06-05','21:00:00','Scotiabank Saddledome, Calgary',26,120,'image_defaut.png',1),(25,'Match Kraken vs Canucks','Un duel canadien de la côte Ouest.','Match de saison régulière','2025-06-10','22:00:00','Climate Pledge Arena, Seattle',30,120,'image_defaut.png',1),(26,'Match Penguins vs Capitals','Une rivalité historique en Pennsylvanie.','Match de saison régulière','2025-06-15','19:30:00','PPG Paints Arena, Pittsburgh',15,120,'image_defaut.png',1),(27,'Match Stars vs Avalanche','Un duel au sommet de la division Centrale.','Match de saison régulière','2025-06-20','20:00:00','American Airlines Center, Dallas',20,120,'image_defaut.png',1),(28,'Match Jets vs Predators','Un match clé pour les séries.','Match de saison régulière','2025-06-25','20:30:00','Canada Life Centre, Winnipeg',24,120,'image_defaut.png',1),(29,'Match Islanders vs Rangers','Un derby new-yorkais toujours spectaculaire.','Match de saison régulière','2025-06-30','19:00:00','UBS Arena, New York',12,120,'image_defaut.png',1),(30,'Match Flyers vs Hurricanes','Un affrontement crucial pour la division Métropolitaine.','Match de saison régulière','2025-07-05','19:00:00','Wells Fargo Center, Philadelphia',14,120,'image_defaut.png',1),(31,'Match Coyotes vs Ducks','Un duel de la division Pacifique.','Match de saison régulière','2025-07-10','21:00:00','Mullett Arena, Arizona',17,120,'image_defaut.png',1),(32,'Match Wild vs Blues','Un affrontement intense dans la division Centrale.','Match de saison régulière','2025-07-15','20:00:00','Xcel Energy Center, Minnesota',21,120,'image_defaut.png',1),(33,'Match Panthers vs Lightning','Le derby de la Floride continue.','Match de saison régulière','2025-07-20','19:00:00','FLA Live Arena, Sunrise',4,120,'image_defaut.png',1),(34,'Match Sabres vs Red Wings','Un duel historique de la division Atlantique.','Match de saison régulière','2025-07-25','19:30:00','KeyBank Center, Buffalo',2,120,'image_defaut.png',1),(35,'Match Golden Knights vs Oilers','Un duel au sommet de la division Pacifique.','Match de saison régulière','2025-07-30','22:00:00','T-Mobile Arena, Las Vegas',32,120,'image_defaut.png',1),(36,'Match Sharks vs Kings','Un affrontement californien toujours attendu.','Match de saison régulière','2025-08-05','22:30:00','SAP Center, San Jose',29,120,'image_defaut.png',1),(37,'Match Flames vs Canucks','Un duel canadien pour la suprématie de l’Ouest.','Match de saison régulière','2025-08-10','21:30:00','Scotiabank Saddledome, Calgary',26,120,'image_defaut.png',1),(38,'Match Senators vs Canadiens','Un match chargé d’histoire.','Match de saison régulière','2025-08-15','19:30:00','Canadian Tire Centre, Ottawa',6,120,'image_defaut.png',1),(39,'Match Kraken vs Oilers','Seattle veut rivaliser avec Edmonton.','Match de saison régulière','2025-08-20','22:00:00','Climate Pledge Arena, Seattle',30,120,'image_defaut.png',1),(40,'Match Flyers vs Devils','Rivalité intense de la côte Est.','Match de saison régulière','2025-08-25','19:00:00','Wells Fargo Center, Philadelphia',14,120,'image_defaut.png',1);
/*!40000 ALTER TABLE `evenements` ENABLE KEYS */;
UNLOCK TABLES;

--
-- Table structure for table `Groupes`
--

DROP TABLE IF EXISTS `Groupes`;
/*!40101 SET @saved_cs_client     = @@character_set_client */;
/*!50503 SET character_set_client = utf8mb4 */;
CREATE TABLE `Groupes` (
  `groupe_id` int NOT NULL AUTO_INCREMENT,
  `name` varchar(100) COLLATE utf8mb4_general_ci NOT NULL,
  `genre` varchar(50) COLLATE utf8mb4_general_ci DEFAULT NULL,
  `formed_year` int DEFAULT NULL,
  `website` varchar(255) COLLATE utf8mb4_general_ci DEFAULT NULL,
  `photo` varchar(1000) COLLATE utf8mb4_general_ci DEFAULT NULL,
  PRIMARY KEY (`groupe_id`)
) ENGINE=InnoDB AUTO_INCREMENT=44 DEFAULT CHARSET=utf8mb4 COLLATE=utf8mb4_general_ci;
/*!40101 SET character_set_client = @saved_cs_client */;

--
-- Dumping data for table `Groupes`
--

LOCK TABLES `Groupes` WRITE;
/*!40000 ALTER TABLE `Groupes` DISABLE KEYS */;
INSERT INTO `Groupes` VALUES (1,'Boston Bruins','Atlantique',1924,'https://fr.wikipedia.org/wiki/Bruins_de_Boston','https://upload.wikimedia.org/wikipedia/fr/thumb/0/03/Logo_Bruins_Boston.svg/1200px-Logo_Bruins_Boston.svg.png'),(2,'Buffalo Sabres','Atlantique',1970,'https://fr.wikipedia.org/wiki/Sabres_de_Buffalo','https://upload.wikimedia.org/wikipedia/en/thumb/9/9e/Buffalo_Sabres_Logo.svg/1200px-Buffalo_Sabres_Logo.svg.png'),(3,'Detroit Red Wings','Atlantique',1926,'https://fr.wikipedia.org/wiki/Red_Wings_de_Detroit','https://upload.wikimedia.org/wikipedia/en/thumb/e/e0/Detroit_Red_Wings_logo.svg/1200px-Detroit_Red_Wings_logo.svg.png'),(4,'Florida Panthers','Atlantique',1993,'https://fr.wikipedia.org/wiki/Panthers_de_la_Floride','https://upload.wikimedia.org/wikipedia/en/thumb/4/43/Florida_Panthers_2016_logo.svg/640px-Florida_Panthers_2016_logo.svg.png'),(5,'Montreal Canadiens','Atlantique',1909,'https://fr.wikipedia.org/wiki/Canadiens_de_Montr%C3%A9al','https://upload.wikimedia.org/wikipedia/commons/thumb/6/69/Montreal_Canadiens.svg/1200px-Montreal_Canadiens.svg.png'),(6,'Ottawa Senators','Atlantique',1992,'https://fr.wikipedia.org/wiki/S%C3%A9nateurs_d%27Ottawa','https://upload.wikimedia.org/wikipedia/en/thumb/b/b2/Ottawa_Senators_2020-2021_logo.svg/1200px-Ottawa_Senators_2020-2021_logo.svg.png'),(7,'Tampa Bay Lightning','Atlantique',1992,'https://fr.wikipedia.org/wiki/Lightning_de_Tampa_Bay','https://upload.wikimedia.org/wikipedia/commons/thumb/3/31/Tampa_Bay_Lightning_2011.svg/1200px-Tampa_Bay_Lightning_2011.svg.png'),(8,'Toronto Maple Leafs','Atlantique',1917,'https://fr.wikipedia.org/wiki/Maple_Leafs_de_Toronto','https://upload.wikimedia.org/wikipedia/en/thumb/b/b6/Toronto_Maple_Leafs_2016_logo.svg/1200px-Toronto_Maple_Leafs_2016_logo.svg.png'),(9,'Carolina Hurricanes','Métropolitaine',1972,'https://fr.wikipedia.org/wiki/Hurricanes_de_la_Caroline','https://upload.wikimedia.org/wikipedia/en/thumb/3/32/Carolina_Hurricanes.svg/1200px-Carolina_Hurricanes.svg.png'),(10,'Columbus Blue Jackets','Métropolitaine',2000,'https://fr.wikipedia.org/wiki/Blue_Jackets_de_Columbus','https://upload.wikimedia.org/wikipedia/en/thumb/5/5d/Columbus_Blue_Jackets_logo.svg/1200px-Columbus_Blue_Jackets_logo.svg.png'),(11,'New Jersey Devils','Métropolitaine',1974,'https://fr.wikipedia.org/wiki/Devils_du_New_Jersey','https://upload.wikimedia.org/wikipedia/en/thumb/9/9f/New_Jersey_Devils_logo.svg/1200px-New_Jersey_Devils_logo.svg.png'),(12,'New York Islanders','Métropolitaine',1972,'https://fr.wikipedia.org/wiki/Islanders_de_New_York','https://upload.wikimedia.org/wikipedia/en/thumb/4/42/Logo_New_York_Islanders.svg/1200px-Logo_New_York_Islanders.svg.png'),(13,'New York Rangers','Métropolitaine',1926,'https://fr.wikipedia.org/wiki/Rangers_de_New_York','https://upload.wikimedia.org/wikipedia/commons/thumb/a/ae/New_York_Rangers.svg/1200px-New_York_Rangers.svg.png'),(14,'Philadelphia Flyers','Métropolitaine',1967,'https://fr.wikipedia.org/wiki/Flyers_de_Philadelphie','https://upload.wikimedia.org/wikipedia/en/thumb/d/dc/Philadelphia_Flyers.svg/1200px-Philadelphia_Flyers.svg.png'),(15,'Pittsburgh Penguins','Métropolitaine',1967,'https://fr.wikipedia.org/wiki/Penguins_de_Pittsburgh','https://upload.wikimedia.org/wikipedia/en/thumb/c/c0/Pittsburgh_Penguins_logo_%282016%29.svg/1200px-Pittsburgh_Penguins_logo_%282016%29.svg.png'),(16,'Washington Capitals','Métropolitaine',1974,'https://fr.wikipedia.org/wiki/Capitals_de_Washington','https://upload.wikimedia.org/wikipedia/commons/thumb/2/2d/Washington_Capitals.svg/1200px-Washington_Capitals.svg.png'),(17,'Arizona Coyotes','Centrale',1972,'https://fr.wikipedia.org/wiki/Coyotes_de_l%27Arizona','https://upload.wikimedia.org/wikipedia/en/thumb/9/9e/Arizona_Coyotes_logo_%282021%29.svg/1200px-Arizona_Coyotes_logo_%282021%29.svg.png'),(18,'Chicago Blackhawks','Centrale',1926,'https://fr.wikipedia.org/wiki/Blackhawks_de_Chicago','https://upload.wikimedia.org/wikipedia/en/thumb/2/29/Chicago_Blackhawks_logo.svg/1200px-Chicago_Blackhawks_logo.svg.png'),(19,'Colorado Avalanche','Centrale',1972,'https://fr.wikipedia.org/wiki/Avalanche_du_Colorado','https://upload.wikimedia.org/wikipedia/en/thumb/4/45/Colorado_Avalanche_logo.svg/1200px-Colorado_Avalanche_logo.svg.png'),(20,'Dallas Stars','Centrale',1967,'https://fr.wikipedia.org/wiki/Stars_de_Dallas','https://upload.wikimedia.org/wikipedia/en/thumb/c/ce/Dallas_Stars_logo_%282013%29.svg/1200px-Dallas_Stars_logo_%282013%29.svg.png'),(21,'Minnesota Wild','Centrale',2000,'https://fr.wikipedia.org/wiki/Wild_du_Minnesota','https://upload.wikimedia.org/wikipedia/en/thumb/1/1b/Minnesota_Wild.svg/1200px-Minnesota_Wild.svg.png'),(22,'Nashville Predators','Centrale',1997,'https://fr.wikipedia.org/wiki/Predators_de_Nashville','https://upload.wikimedia.org/wikipedia/en/thumb/9/9c/Nashville_Predators_Logo_%282011%29.svg/1200px-Nashville_Predators_Logo_%282011%29.svg.png'),(23,'St. Louis Blues','Centrale',1967,'https://fr.wikipedia.org/wiki/Blues_de_Saint-Louis','https://upload.wikimedia.org/wikipedia/en/thumb/e/ed/St._Louis_Blues_logo.svg/1200px-St._Louis_Blues_logo.svg.png'),(24,'Winnipeg Jets','Centrale',1999,'https://fr.wikipedia.org/wiki/Jets_de_Winnipeg','https://upload.wikimedia.org/wikipedia/en/thumb/9/93/Winnipeg_Jets_Logo_2011.svg/1200px-Winnipeg_Jets_Logo_2011.svg.png'),(25,'Anaheim Ducks','Pacifique',1993,'https://fr.wikipedia.org/wiki/Ducks_d%27Anaheim','https://upload.wikimedia.org/wikipedia/en/thumb/9/95/Anaheim_Ducks_logo_2024.svg/1200px-Anaheim_Ducks_logo_2024.svg.png'),(26,'Calgary Flames','Pacifique',1972,'https://fr.wikipedia.org/wiki/Flames_de_Calgary','https://upload.wikimedia.org/wikipedia/en/thumb/6/61/Calgary_Flames_logo.svg/1200px-Calgary_Flames_logo.svg.png'),(27,'Edmonton Oilers','Pacifique',1971,'https://fr.wikipedia.org/wiki/Oilers_d%27Edmonton','https://upload.wikimedia.org/wikipedia/en/thumb/4/4d/Logo_Edmonton_Oilers.svg/1200px-Logo_Edmonton_Oilers.svg.png'),(28,'Los Angeles Kings','Pacifique',1967,'https://fr.wikipedia.org/wiki/Kings_de_Los_Angeles','https://upload.wikimedia.org/wikipedia/en/thumb/c/c4/Los_Angeles_Kings_2024_Logo.svg/1200px-Los_Angeles_Kings_2024_Logo.svg.png'),(29,'San Jose Sharks','Pacifique',1991,'https://fr.wikipedia.org/wiki/Sharks_de_San_Jos%C3%A9','https://upload.wikimedia.org/wikipedia/en/thumb/3/37/SanJoseSharksLogo.svg/800px-SanJoseSharksLogo.svg.png'),(30,'Seattle Kraken','Pacifique',2021,'https://fr.wikipedia.org/wiki/Kraken_de_Seattle','https://upload.wikimedia.org/wikipedia/en/thumb/4/48/Seattle_Kraken_official_logo.svg/1200px-Seattle_Kraken_official_logo.svg.png'),(31,'Vancouver Canucks','Pacifique',1970,'https://fr.wikipedia.org/wiki/Canucks_de_Vancouver','https://upload.wikimedia.org/wikipedia/en/thumb/3/3a/Vancouver_Canucks_logo.svg/1200px-Vancouver_Canucks_logo.svg.png'),(32,'Vegas Golden Knights','Pacifique',2017,'https://fr.wikipedia.org/wiki/Golden_Knights_de_Vegas','https://upload.wikimedia.org/wikipedia/en/thumb/a/ac/Vegas_Golden_Knights_logo.svg/800px-Vegas_Golden_Knights_logo.svg.png'),(42,'Alex',NULL,NULL,NULL,'https://upload.wikimedia.org/wikipedia/en/thumb/b/b6/Toronto_Maple_Leafs_2016_logo.svg/1200px-Toronto_Maple_Leafs_2016_logo.svg.png'),(43,'Toronto Maple Leafse',NULL,NULL,NULL,'https://upload.wikimedia.org/wikipedia/en/thumb/b/b6/Toronto_Maple_Leafs_2016_logo.svg/1200px-Toronto_Maple_Leafs_2016_logo.svg.png');
/*!40000 ALTER TABLE `Groupes` ENABLE KEYS */;
UNLOCK TABLES;

--
-- Table structure for table `notifications`
--

DROP TABLE IF EXISTS `notifications`;
/*!40101 SET @saved_cs_client     = @@character_set_client */;
/*!50503 SET character_set_client = utf8mb4 */;
CREATE TABLE `notifications` (
  `id` bigint unsigned NOT NULL AUTO_INCREMENT,
  `utilisateur_id` int DEFAULT NULL,
  `evenement_id` int DEFAULT NULL,
  `message` text COLLATE utf8mb4_general_ci,
  `lu` tinyint(1) DEFAULT '0',
  PRIMARY KEY (`id`),
  UNIQUE KEY `id` (`id`),
  KEY `utilisateur_id` (`utilisateur_id`),
  KEY `evenement_id` (`evenement_id`),
  CONSTRAINT `notifications_ibfk_1` FOREIGN KEY (`utilisateur_id`) REFERENCES `utilisateurs` (`id`),
  CONSTRAINT `notifications_ibfk_2` FOREIGN KEY (`evenement_id`) REFERENCES `evenements` (`id`)
) ENGINE=InnoDB AUTO_INCREMENT=5 DEFAULT CHARSET=utf8mb4 COLLATE=utf8mb4_general_ci;
/*!40101 SET character_set_client = @saved_cs_client */;

--
-- Dumping data for table `notifications`
--

LOCK TABLES `notifications` WRITE;
/*!40000 ALTER TABLE `notifications` DISABLE KEYS */;
INSERT INTO `notifications` VALUES (1,1,2,'Match Maple Leafs vs Senators ÇA SE PASSE AUJOURD\'HUI',0),(2,1,19,'Match Flyers vs Devils ÇA SE PASSE AUJOURD\'HUI',0),(3,1,14,'Match Sharks vs Kings ÇA SE PASSE AUJOURD\'HUI',1),(4,1,15,'Match Coyotes vs Blues ÇA SE PASSE AUJOURD\'HUI',1);
/*!40000 ALTER TABLE `notifications` ENABLE KEYS */;
UNLOCK TABLES;

--
-- Table structure for table `utilisateur_evenement`
--

DROP TABLE IF EXISTS `utilisateur_evenement`;
/*!40101 SET @saved_cs_client     = @@character_set_client */;
/*!50503 SET character_set_client = utf8mb4 */;
CREATE TABLE `utilisateur_evenement` (
  `utilisateur_id` int NOT NULL,
  `evenement_id` int NOT NULL,
  PRIMARY KEY (`utilisateur_id`,`evenement_id`),
  KEY `evenement_id` (`evenement_id`),
  CONSTRAINT `utilisateur_evenement_ibfk_1` FOREIGN KEY (`utilisateur_id`) REFERENCES `utilisateurs` (`id`) ON DELETE CASCADE,
  CONSTRAINT `utilisateur_evenement_ibfk_2` FOREIGN KEY (`evenement_id`) REFERENCES `evenements` (`id`) ON DELETE CASCADE
) ENGINE=InnoDB DEFAULT CHARSET=utf8mb4 COLLATE=utf8mb4_general_ci;
/*!40101 SET character_set_client = @saved_cs_client */;

--
-- Dumping data for table `utilisateur_evenement`
--

LOCK TABLES `utilisateur_evenement` WRITE;
/*!40000 ALTER TABLE `utilisateur_evenement` DISABLE KEYS */;
INSERT INTO `utilisateur_evenement` VALUES (1,2),(1,14),(1,15),(1,19);
/*!40000 ALTER TABLE `utilisateur_evenement` ENABLE KEYS */;
UNLOCK TABLES;

--
-- Table structure for table `utilisateurs`
--

DROP TABLE IF EXISTS `utilisateurs`;
/*!40101 SET @saved_cs_client     = @@character_set_client */;
/*!50503 SET character_set_client = utf8mb4 */;
CREATE TABLE `utilisateurs` (
  `id` int NOT NULL AUTO_INCREMENT,
  `email` varchar(255) COLLATE utf8mb4_general_ci NOT NULL,
  `mot_de_passe` varchar(255) COLLATE utf8mb4_general_ci NOT NULL,
  `est_administrateur` tinyint(1) NOT NULL DEFAULT '0',
  PRIMARY KEY (`id`),
  UNIQUE KEY `email` (`email`)
) ENGINE=InnoDB AUTO_INCREMENT=21 DEFAULT CHARSET=utf8mb4 COLLATE=utf8mb4_general_ci;
/*!40101 SET character_set_client = @saved_cs_client */;

--
-- Dumping data for table `utilisateurs`
--

LOCK TABLES `utilisateurs` WRITE;
/*!40000 ALTER TABLE `utilisateurs` DISABLE KEYS */;
INSERT INTO `utilisateurs` VALUES (1,'alexandre15roy@gmail.com','ea198cb1e43298878488849817dd853f8b295ce94ead7b926393ea17c5dd7ddc89d823620336665c96a2275268e8f4fd64c85357a1ff354be76847ee7f6992da',0),(9,'user1@example.com','passwordhash1',0),(10,'user2@example.com','passwordhash2',0),(11,'user3@example.com','passwordhash3',0),(12,'user4@example.com','passwordhash4',0),(13,'user5@example.com','passwordhash5',0),(14,'user6@example.com','passwordhash6',0),(15,'user7@example.com','passwordhash7',0),(16,'user8@example.com','passwordhash8',0),(17,'user9@example.com','passwordhash9',0),(18,'user10@example.com','passwordhash10',0),(20,'admin@admin.com','abc7ddf64bb363e741576c213eb617269edb2bc595596095934a11ae294b8880737df3ddbbdbbfb073e4fb0e3a9c9f19c0b43335610a469de99723c8bafdf3d8',1);
/*!40000 ALTER TABLE `utilisateurs` ENABLE KEYS */;
UNLOCK TABLES;
/*!40103 SET TIME_ZONE=@OLD_TIME_ZONE */;

/*!40101 SET SQL_MODE=@OLD_SQL_MODE */;
/*!40014 SET FOREIGN_KEY_CHECKS=@OLD_FOREIGN_KEY_CHECKS */;
/*!40014 SET UNIQUE_CHECKS=@OLD_UNIQUE_CHECKS */;
/*!40101 SET CHARACTER_SET_CLIENT=@OLD_CHARACTER_SET_CLIENT */;
/*!40101 SET CHARACTER_SET_RESULTS=@OLD_CHARACTER_SET_RESULTS */;
/*!40101 SET COLLATION_CONNECTION=@OLD_COLLATION_CONNECTION */;
/*!40111 SET SQL_NOTES=@OLD_SQL_NOTES */;

-- Dump completed on 2025-05-07 10:18:19
